{
  "Temperature": 0.004564853385090828,
  "Humidity": 0.004980787169188261,
  "Moisture": 0.0051695783622562885,
  "Soil_Type": 0.0043279570527374744,
  "Crop_Type": 0.004370995797216892,
  "Nitrogen": 0.22709530591964722,
  "Potassium": 0.052582770586013794,
  "Phosphorus": 0.36729171872138977,
  "NPK_Total": 0.16406328976154327,
  "N_P_Ratio": 0.08099634945392609,
  "N_K_Ratio": 0.04855751246213913,
  "P_K_Ratio": 0.02772556245326996,
  "Temp_Humidity": 0.004267989192157984,
  "Moisture_Humidity": 0.00400531617924571
}