{
  "Temperature": 0.11384870111942291,
  "Humidity": 0.1127430871129036,
  "Moisture": 0.12949247658252716,
  "Soil_Type": 0.12729576230049133,
  "Crop_Type": 0.14174018800258636,
  "Nitrogen": 0.12452863901853561,
  "Potassium": 0.12066638469696045,
  "Phosphorus": 0.12968473136425018
}